{"cameraMode":{"drawMode":0,"name":"Shaded","section":"Shading Mode"},"sceneLighting":true,"audioPlay":false,"sceneViewState":{"showFog":true,"showMaterialUpdate":true,"showSkybox":true,"showFlares":true,"showImageEffects":true,"showParticleSystems":true},"in2DMode":false,"pivot":{"x":-2.6677627563476564,"y":2.4020397663116457,"z":-9.59975814819336},"rotation":{"x":-0.11680494993925095,"y":0.1171022430062294,"z":-0.013963748700916767,"w":-0.9862087368965149},"size":4.6686930656433109,"orthographic":true}