{"cameraMode":{"drawMode":0,"name":"Shaded","section":"Shading Mode"},"sceneLighting":false,"audioPlay":false,"sceneViewState":{"showFog":true,"showMaterialUpdate":false,"showSkybox":false,"showFlares":true,"showImageEffects":true,"showParticleSystems":true},"in2DMode":false,"pivot":{"x":1.1920928955078126e-7,"y":2.7506346702575685,"z":0.0},"rotation":{"x":-0.09965427964925766,"y":-0.49891409277915957,"z":0.057880669832229617,"w":-0.858967661857605},"size":2.979792356491089,"orthographic":true}